date,capacity,baseline,ga_mean,ga_best,all_feasible,saving_pct,seed_spread
2026-09-10,0,338.7,338.7,338.7,True,0.0,0.0
2026-09-10,2,338.7,184.3,184.3,True,45.6,0.0
2026-09-10,4,338.7,105.0,103.8,True,69.4,1.2000000000000028
2026-09-10,7,338.7,84.6,84.0,True,75.2,0.5999999999999943
2026-09-11,0,160.9,160.9,160.9,True,0.0,0.0
2026-09-11,2,160.9,67.9,64.9,True,59.7,3.0
2026-09-11,4,160.9,60.6,58.4,True,63.7,2.200000000000003
2026-09-11,7,160.9,60.2,58.2,True,63.8,2.0
2026-09-13,0,187.3,187.3,187.3,True,0.0,0.0
2026-09-13,2,187.3,81.5,80.9,True,56.8,0.5999999999999943
2026-09-13,4,187.3,75.1,74.0,True,60.5,1.0999999999999943
2026-09-13,7,187.3,73.8,72.1,True,61.5,1.7000000000000028
2026-09-16,0,158.8,158.8,158.8,True,0.0,0.0
2026-09-16,2,158.8,50.8,49.4,True,68.9,1.3999999999999986
2026-09-16,4,158.8,47.2,43.3,True,72.7,3.9000000000000057
2026-09-16,7,158.8,43.8,43.2,True,72.8,0.5999999999999943
2026-09-17,0,137.7,137.7,137.7,True,0.0,0.0
2026-09-17,2,137.7,53.7,51.5,True,62.6,2.200000000000003
2026-09-17,4,137.7,49.4,45.3,True,67.1,4.100000000000001
2026-09-17,7,137.7,54.0,47.1,True,65.8,6.899999999999999
