date,capacity,eta,dp_bill,saving_pct
2026-09-10,2,0.91,179.3081643956044,47.054727978927865
2026-09-10,2,0.95,170.23108947368422,49.734963998947585
2026-09-10,2,1.0,159.225,52.984790369300825
2026-09-10,4,0.91,85.79110439560438,74.66800591861494
2026-09-10,4,0.95,79.18498947368423,76.61862848352978
2026-09-10,4,1.0,71.11500000000001,79.00149704577062
2026-09-10,7,0.91,75.76108439560439,77.62962308237756
2026-09-10,7,0.95,73.35388947368423,78.34040828492759
2026-09-10,7,1.0,70.35600000000001,79.22561099841437
2026-09-11,2,0.91,55.118320659340654,65.74608282880558
2026-09-11,2,0.95,52.20920789473685,67.55398456616587
2026-09-11,2,1.0,50.19300000000001,68.80698025616644
2026-09-11,4,0.91,52.38559065934065,67.44436945930319
2026-09-11,4,0.95,51.51950789473685,67.98260659946378
2026-09-11,4,1.0,50.19300000000001,68.80698025616644
2026-09-11,7,0.91,52.38559065934065,67.44436945930319
2026-09-11,7,0.95,51.51950789473685,67.98260659946378
2026-09-11,7,1.0,50.19300000000001,68.80698025616644
2026-09-13,2,0.91,66.84059725274726,64.30847092066274
2026-09-13,2,0.95,65.60721315789475,64.96707311897885
2026-09-13,2,1.0,63.921,65.86747689202394
2026-09-13,4,0.91,66.84059725274726,64.30847092066274
2026-09-13,4,0.95,65.60721315789475,64.96707311897885
2026-09-13,4,1.0,63.921,65.86747689202394
2026-09-13,7,0.91,66.84059725274726,64.30847092066274
2026-09-13,7,0.95,65.60721315789475,64.96707311897885
2026-09-13,7,1.0,63.921,65.86747689202394
2026-09-16,2,0.91,41.07630703296703,74.13004973361441
2026-09-16,2,0.95,38.56449473684211,75.71199474943815
2026-09-16,2,1.0,36.036,77.30444640382919
2026-09-16,4,0.91,37.53276703296703,76.36177917057121
2026-09-16,4,0.95,37.15374473684211,76.60048826247507
2026-09-16,4,1.0,36.036,77.30444640382919
2026-09-16,7,0.91,37.53276703296703,76.36177917057121
2026-09-16,7,0.95,37.15374473684211,76.60048826247507
2026-09-16,7,1.0,36.036,77.30444640382919
2026-09-17,2,0.91,41.67936604395604,69.72802303555557
2026-09-17,2,0.95,41.10961315789474,70.14183802074712
2026-09-17,2,1.0,39.897,71.02256632990276
2026-09-17,4,0.91,41.67936604395604,69.72802303555557
2026-09-17,4,0.95,41.10961315789474,70.14183802074712
2026-09-17,4,1.0,39.897,71.02256632990276
2026-09-17,7,0.91,41.67936604395604,69.72802303555557
2026-09-17,7,0.95,41.10961315789474,70.14183802074712
2026-09-17,7,1.0,39.897,71.02256632990276
