horizon_days,slots,seed,bill,feasible,violation,runtime_s,gap_pct,gens_to_1pct
1,48,1,84.56765992454584,True,0.0,1.2876629000238609,11.624141337465337,
1,48,2,85.13909765429531,True,0.0,1.3248017000150867,12.378404207787494,
1,48,3,83.98125939239831,True,0.0,1.3289692999969702,10.850128482678977,
1,48,4,80.29353066605536,True,0.0,2.285039100010181,5.982552000950432,
1,48,5,80.26595428935272,True,0.0,1.487091800023336,5.946152869493121,
1,48,6,82.9051328016501,True,0.0,1.31005559998448,9.429707168315304,
1,48,7,80.74801674854398,True,0.0,1.375801699992735,6.582445846338663,
1,48,8,80.54074503044778,True,0.0,1.312830299983034,6.308859849319565,
1,48,9,83.9768604424964,True,0.0,1.317407499998808,10.84432213772364,
1,48,10,86.2549811576577,True,0.0,1.2676434999739286,13.851302216395096,
2,96,1,170.98440158871497,True,0.0,2.3836470999813173,122.71085974659532,
2,96,2,179.73160583993928,True,0.0,2.801966099999845,134.10428137493298,
2,96,3,144.10980619904296,True,0.0,2.1226943000219762,87.70612136716896,
2,96,4,162.30915261308687,True,0.0,2.2040124999766704,111.41116141197587,
2,96,5,205.2969864871671,True,0.0,2.1034769999969285,167.40373940028343,
2,96,6,164.2484698453808,True,0.0,2.4158042000199202,113.93716380817385,
2,96,7,155.3061333402855,True,0.0,2.493530000007013,102.28957822324067,
2,96,8,146.38250497039078,True,0.0,2.2709616999782156,90.66636038668727,
2,96,9,178.47877834027122,True,0.0,2.18079729998135,132.47244661706776,
2,96,10,166.0069554043742,True,0.0,2.360775300010573,116.22762906147469,
5,240,1,466.5639999999999,True,0.0,4.5496980999887455,490.4577819141851,
5,240,2,466.5639999999999,True,0.0,4.635592000006,490.4577819141851,
5,240,3,466.5639999999999,True,0.0,4.934320700005628,490.4577819141851,
5,240,4,466.5639999999999,True,0.0,4.548897900007432,490.4577819141851,
5,240,5,442.4803322901303,True,0.0,4.575473500008229,459.9788143634784,
5,240,6,466.5639999999999,True,0.0,4.475468599994201,490.4577819141851,
5,240,7,466.5639999999999,True,0.0,6.271551800018642,490.4577819141851,
5,240,8,458.524097872188,True,0.0,5.66828089999035,480.2829232084233,
5,240,9,466.5639999999999,True,0.0,5.111023700010264,490.4577819141851,
5,240,10,466.5639999999999,True,0.0,4.7536710999847855,490.4577819141851,
