date,capacity,delta,n_states,n_moves,dp_bill,runtime_med_s
2026-09-10,7,0.1,57,24,128.83024175824173,0.004662899998947978
2026-09-10,7,0.05,113,48,101.60761538461536,0.009805899986531585
2026-09-10,7,0.02,281,119,82.14636483516483,0.027145500003825873
2026-09-10,7,0.01,561,238,80.08703956043955,0.06346389997634105
2026-09-10,7,0.005,1121,475,76.79670824175822,0.1500516000087373
2026-09-10,7,0.002,2801,1187,76.2199969230769,0.6026506999915
2026-09-10,7,0.001,5601,2375,75.76108439560439,2.020454699988477
2026-09-11,7,0.1,57,24,112.30337362637361,0.0137729000125546
2026-09-11,7,0.05,113,48,77.89856043956041,0.32686490000924096
2026-09-11,7,0.02,281,119,63.85954725274725,0.3195484000025317
2026-09-11,7,0.01,561,238,58.052384615384604,0.13820610000402667
2026-09-11,7,0.005,1121,475,54.633971978021975,0.29052320000482723
2026-09-11,7,0.002,2801,1187,52.827076923076916,0.5878060999966692
2026-09-11,7,0.001,5601,2375,52.38559065934065,1.7785595000023022
2026-09-13,7,0.1,57,24,120.63374725274726,0.004868200019700453
2026-09-13,7,0.05,113,48,89.55043406593406,0.009282399987569079
2026-09-13,7,0.02,281,119,76.9706879120879,0.024908299994422123
2026-09-13,7,0.01,561,238,71.30725384615384,0.0588850999774877
2026-09-13,7,0.005,1121,475,69.42512637362637,0.14474930000142194
2026-09-13,7,0.002,2801,1187,67.35874505494505,0.5749329999962356
2026-09-13,7,0.001,5601,2375,66.84059725274726,1.7668505000183359
2026-09-16,7,0.1,57,24,106.91,0.005497400008607656
2026-09-16,7,0.05,113,48,65.44591758241756,0.010399699996924028
2026-09-16,7,0.02,281,119,48.656832967032955,0.024780499981716275
2026-09-16,7,0.01,561,238,42.39416153846154,0.059419099998194724
2026-09-16,7,0.005,1121,475,40.00473021978022,0.1427485999884084
2026-09-16,7,0.002,2801,1187,38.086406373626374,0.5595379000005778
2026-09-16,7,0.001,5601,2375,37.53276703296703,1.7759859999932814
2026-09-17,7,0.1,57,24,111.09737362637362,0.004472399974474683
2026-09-17,7,0.05,113,48,72.41556043956044,0.009101100004045293
2026-09-17,7,0.02,281,119,51.51787252747252,0.023140000004786998
2026-09-17,7,0.01,561,238,46.31130989010988,0.057761100004427135
2026-09-17,7,0.005,1121,475,43.37655989010989,0.1441056000185199
2026-09-17,7,0.002,2801,1187,42.048052307692295,0.560092400002759
2026-09-17,7,0.001,5601,2375,41.67936604395604,1.764534400019329
