date,capacity,baseline,greedy,dp_bill,dp_replay_bill,dp_feasible,dp_runtime_med_s,dp_states,dp_moves,dp_saving_pct,ga_best,ga_mean,ga_worst,ga_feasible_rate,ga_gap_best_pct,ga_gap_mean_pct,ga_runtime_med_s,ga_gens_to_1pct_med,ga_reached_1pct_rate
2026-09-10,0,338.66700000000003,338.667,338.66700000000003,338.667,True,0.0005650999955832958,1,1,0.0,338.667,338.667,338.667,1.0,-1.6784457552937844e-14,-1.6784457552937847e-14,1.34693275000609,1.0,1.0
2026-09-10,2,338.66700000000003,184.331,179.3081643956044,179.3081643956044,True,0.8708932000154164,1601,2375,47.054727978927865,184.331,184.33099999999996,184.331,1.0,2.8012308426256616,2.801230842625661,1.388975499998196,,0.0
2026-09-10,4,338.66700000000003,133.87499999999997,85.79110439560438,85.79110439560436,True,2.0663895000179764,3201,2375,74.66800591861494,103.29247649718593,105.2111636168712,107.7749290685064,1.0,20.399984619475603,22.63644856664398,1.9222537500027101,,0.0
2026-09-10,7,338.66700000000003,133.87499999999997,75.76108439560439,75.76108439560437,True,3.0475084999925457,5601,2375,77.62962308237756,80.26595428935272,82.86732381074435,86.2549811576577,1.0,5.946152869493121,9.379801611646764,2.2937020500103245,,0.0
2026-09-11,0,160.911,160.911,160.911,160.911,True,0.0012556000147014856,1,1,0.0,160.911,160.911,160.911,1.0,0.0,0.0,1.7447562500019558,1.0,1.0
2026-09-11,2,160.911,92.541,55.118320659340654,55.11832065934066,True,0.91220429999521,1601,2375,65.74608282880558,64.33705119948041,69.26044304751018,73.92099347687878,1.0,16.725347270857938,25.657752665533973,1.3783027499885065,,0.0
2026-09-11,4,160.911,92.541,52.38559065934065,52.38559065934066,True,1.3147023000055924,3201,2375,67.44436945930319,55.468311023503105,58.78136721336817,63.919668075837144,1.0,5.884672340928905,12.209037778382143,1.7032865499932086,,0.0
2026-09-11,7,160.911,92.541,52.38559065934065,52.38559065934066,True,1.851918200001819,5601,2375,67.44436945930319,55.30466854849225,58.569467048483524,62.13557388817949,1.0,5.572291640527896,11.804536918092857,1.396153499983484,,0.0
2026-09-13,0,187.27300000000002,187.273,187.27300000000002,187.273,True,0.0004894999729003757,1,1,0.0,187.273,187.27299999999997,187.273,1.0,-1.51766188561106e-14,-1.5176618856110604e-14,1.4850524500070605,1.0,1.0
2026-09-13,2,187.27300000000002,100.565,66.84059725274726,66.84059725274727,True,0.8031045999960043,1601,2375,64.30847092066274,74.99353378971423,82.98711309384082,95.351,1.0,12.197581817137156,24.156749796890708,1.274739699991187,,0.0
2026-09-13,4,187.27300000000002,100.565,66.84059725274726,66.84059725274727,True,1.2588401999964844,3201,2375,64.30847092066274,70.79991861048515,74.79868350290965,77.3141351213159,1.0,5.9235277966867015,11.906066937238947,1.2875038999918615,,0.0
2026-09-13,7,187.27300000000002,100.565,66.84059725274726,66.84059725274727,True,1.818585200002417,5601,2375,64.30847092066274,71.13539696200804,73.26747929481478,76.03723590016835,1.0,6.425435866499925,9.615237305204314,1.2751430499920389,,0.0
2026-09-16,0,158.78,158.78,158.78,158.78,True,0.00048260000767186284,1,1,0.0,158.78,158.78,158.78,1.0,0.0,0.0,1.3554310999898007,1.0,1.0
2026-09-16,2,158.78,65.076,41.07630703296703,41.076307032967016,True,0.8513574000098743,1601,2375,74.13004973361441,49.427252891455474,53.18028143707367,61.64385898072754,1.0,20.33032290801152,29.46704628142989,1.3976581000024453,,0.0
2026-09-16,4,158.78,65.076,37.53276703296703,37.532767032967016,True,1.2513482999929693,3201,2375,76.36177917057121,42.08757546236099,44.99358154809156,53.734911570750086,1.0,12.135551917590375,19.878136105902602,1.4363516500015976,,0.0
2026-09-16,7,158.78,65.076,37.53276703296703,37.532767032967016,True,2.1340406999806874,5601,2375,76.36177917057121,43.16914594176345,45.43749689828512,50.00223494491336,1.0,15.017221895326,21.060876908901882,1.517673799986369,,0.0
2026-09-17,0,137.683,137.683,137.683,137.683,True,0.0005852000031154603,1,1,0.0,137.683,137.683,137.683,1.0,0.0,0.0,1.4428218999964884,1.0,1.0
2026-09-17,2,137.683,74.507,41.67936604395604,41.67936604395602,True,0.9162960999819916,1601,2375,69.72802303555557,51.54970086390165,56.58647864680431,64.32994393929023,1.0,23.68158577444802,35.76616925297495,1.360070850001648,,0.0
2026-09-17,4,137.683,74.507,41.67936604395604,41.67936604395602,True,1.359258399985265,3201,2375,69.72802303555557,45.27962143338574,48.562890897906634,52.11987947861998,1.0,8.63798020735918,16.515425994462277,1.506023850000929,,0.0
2026-09-17,7,137.683,74.507,41.67936604395604,41.67936604395602,True,1.9555416000075638,5601,2375,69.72802303555557,47.09640604031254,50.875433921352005,60.51047809544739,1.0,12.996934719792913,22.06383817761907,1.2655973499786342,,0.0
