date,capacity,seed,bill,feasible,violation,runtime_s,gap_pct,gens_to_1pct
2026-09-10,0,1,338.667,True,0.0,1.2965559999865945,-1.6784457552937844e-14,1.0
2026-09-10,0,2,338.667,True,0.0,1.3079459000146016,-1.6784457552937844e-14,1.0
2026-09-10,0,3,338.667,True,0.0,1.3150253999920096,-1.6784457552937844e-14,1.0
2026-09-10,0,4,338.667,True,0.0,1.385192299989285,-1.6784457552937844e-14,1.0
2026-09-10,0,5,338.667,True,0.0,1.3425599999900442,-1.6784457552937844e-14,1.0
2026-09-10,0,6,338.667,True,0.0,1.3373697999923024,-1.6784457552937844e-14,1.0
2026-09-10,0,7,338.667,True,0.0,1.3513055000221357,-1.6784457552937844e-14,1.0
2026-09-10,0,8,338.667,True,0.0,1.4094098999921698,-1.6784457552937844e-14,1.0
2026-09-10,0,9,338.667,True,0.0,1.3670310000015888,-1.6784457552937844e-14,1.0
2026-09-10,0,10,338.667,True,0.0,1.3912042999872938,-1.6784457552937844e-14,1.0
2026-09-10,2,1,184.331,True,0.0,1.427091499994276,2.8012308426256616,
2026-09-10,2,2,184.331,True,0.0,1.371768000011798,2.8012308426256616,
2026-09-10,2,3,184.331,True,0.0,1.2929743999848142,2.8012308426256616,
2026-09-10,2,4,184.331,True,0.0,1.3997434999910183,2.8012308426256616,
2026-09-10,2,5,184.331,True,0.0,1.5368304000003263,2.8012308426256616,
2026-09-10,2,6,184.331,True,0.0,1.6005671999882907,2.8012308426256616,
2026-09-10,2,7,184.331,True,0.0,1.5490132000122685,2.8012308426256616,
2026-09-10,2,8,184.331,True,0.0,1.3782075000053737,2.8012308426256616,
2026-09-10,2,9,184.331,True,0.0,1.2965644000214525,2.8012308426256616,
2026-09-10,2,10,184.331,True,0.0,1.3059983999992255,2.8012308426256616,
2026-09-10,4,1,106.97791601972148,True,0.0,1.8714799000008497,24.695814062981842,
2026-09-10,4,2,104.40745736869064,True,0.0,1.6795099999872036,21.699630869934456,
2026-09-10,4,3,103.76128638017329,True,0.0,1.8068725000193808,20.946439740073608,
2026-09-10,4,4,104.88346862453702,True,0.0,1.7585008000023663,22.254480069277278,
2026-09-10,4,5,106.7728223948729,True,0.0,1.941386099992087,24.45675241866166,
2026-09-10,4,6,103.29247649718593,True,0.0,1.9031214000133332,20.399984619475603,
2026-09-10,4,7,105.47398725894861,True,0.0,2.036103999998886,22.942801589989454,
2026-09-10,4,8,103.33510096597634,True,0.0,1.9586191999842413,20.449668638687964,
2026-09-10,4,9,105.43219159009946,True,0.0,2.011423299991293,22.8940836382349,
2026-09-10,4,10,107.7749290685064,True,0.0,2.208779099979438,25.624830019123042,
2026-09-10,7,1,84.56765992454584,True,0.0,1.4931180000130553,11.624141337465337,
2026-09-10,7,2,85.13909765429531,True,0.0,2.0771257000160404,12.378404207787494,
2026-09-10,7,3,83.98125939239831,True,0.0,2.468506500008516,10.850128482678977,
2026-09-10,7,4,80.29353066605536,True,0.0,2.675435200013453,5.982552000950432,
2026-09-10,7,5,80.26595428935272,True,0.0,2.8086874000146054,5.946152869493121,
2026-09-10,7,6,82.9051328016501,True,0.0,2.6846135000232607,9.429707168315304,
2026-09-10,7,7,80.74801674854398,True,0.0,2.3463431000127457,6.582445846338663,
2026-09-10,7,8,80.54074503044778,True,0.0,2.119812600023579,6.308859849319565,
2026-09-10,7,9,83.9768604424964,True,0.0,2.0482799999881536,10.84432213772364,
2026-09-10,7,10,86.2549811576577,True,0.0,2.241061000007903,13.851302216395096,
2026-09-11,0,1,160.911,True,0.0,2.053489999991143,0.0,1.0
2026-09-11,0,2,160.911,True,0.0,2.3162809999776073,0.0,1.0
2026-09-11,0,3,160.911,True,0.0,2.2232303000055254,0.0,1.0
2026-09-11,0,4,160.911,True,0.0,1.7472214000008535,0.0,1.0
2026-09-11,0,5,160.911,True,0.0,1.4911279999942053,0.0,1.0
2026-09-11,0,6,160.911,True,0.0,1.4620619999768678,0.0,1.0
2026-09-11,0,7,160.911,True,0.0,1.644037699996261,0.0,1.0
2026-09-11,0,8,160.911,True,0.0,1.742291100003058,0.0,1.0
2026-09-11,0,9,160.911,True,0.0,1.7370235999987926,0.0,1.0
2026-09-11,0,10,160.911,True,0.0,2.2608646000153385,0.0,1.0
2026-09-11,2,1,64.90975133725911,True,0.0,1.4774453999998514,17.76438498268932,
2026-09-11,2,2,69.96456747554713,True,0.0,1.5725955000089016,26.935230679403052,
2026-09-11,2,3,68.79266871119718,True,0.0,1.5173432000156026,24.809079609611068,
2026-09-11,2,4,64.33705119948041,True,0.0,1.3413664000108838,16.725347270857938,
2026-09-11,2,5,72.46727387338392,True,0.0,1.4247833999979775,31.475837809480165,
2026-09-11,2,6,73.92099347687878,True,0.0,1.3670283000101335,34.11329044973673,
2026-09-11,2,7,68.00945676440595,True,0.0,1.3707282999821473,23.388114788074002,
2026-09-11,2,8,69.86525228602127,True,0.0,1.3437715000181925,26.755045237724463,
2026-09-11,2,9,73.23485244992655,True,0.0,1.3858771999948658,32.868439338990946,
2026-09-11,2,10,67.10256290100162,True,0.0,1.3668980000074953,21.74275648877203,
2026-09-11,4,1,59.34847387982289,True,0.0,1.4626850000058766,13.291600100037659,
2026-09-11,4,2,58.43007468413056,True,0.0,1.5949121000012383,11.538447784423603,
2026-09-11,4,3,63.919668075837144,True,0.0,1.6097360999847297,22.017652700533027,
2026-09-11,4,4,57.97846573834908,True,0.0,1.9253877000010107,10.676361588396421,
2026-09-11,4,5,57.3911960239562,True,0.0,1.9225041999889072,9.555309583443668,
2026-09-11,4,6,57.12298259589464,True,0.0,1.7968370000016876,9.043311103163607,
2026-09-11,4,7,55.468311023503105,True,0.0,2.1555796999891754,5.884672340928905,
2026-09-11,4,8,56.655422784462125,True,0.0,1.8735899000021163,8.150775950753053,
2026-09-11,4,9,61.30363908867003,True,0.0,1.452905300015118,17.023857738519634,
2026-09-11,4,10,60.19543823905599,True,0.0,1.3378517999954056,14.908388893621833,
2026-09-11,7,1,60.41380155825493,True,0.0,1.4099974999844562,15.325227410570019,
2026-09-11,7,2,58.17507788484651,True,0.0,1.2879725999955554,11.051678815944705,
2026-09-11,7,3,62.13557388817949,True,0.0,1.4260665000183508,18.61195627675979,
2026-09-11,7,4,59.050752471490114,True,0.0,1.4677384000096936,12.723273190699485,
2026-09-11,7,5,56.748271084361086,True,0.0,1.3602043999999296,8.328016101585265,
2026-09-11,7,6,58.90178724159854,True,0.0,1.3245086999959312,12.438910204586985,
2026-09-11,7,7,55.30466854849225,True,0.0,1.3549482000235002,5.572291640527896,
2026-09-11,7,8,59.209138808432826,True,0.0,1.4298878000117838,13.025620334158623,
2026-09-11,7,9,58.618055454222045,True,0.0,1.4431326999911107,11.897288388730061,
2026-09-11,7,10,57.1375435449574,True,0.0,1.3823094999825116,9.071106817365726,
2026-09-13,0,1,187.273,True,0.0,1.489133099996252,-1.51766188561106e-14,1.0
2026-09-13,0,2,187.273,True,0.0,1.5381803999771364,-1.51766188561106e-14,1.0
2026-09-13,0,3,187.273,True,0.0,1.480971800017869,-1.51766188561106e-14,1.0
2026-09-13,0,4,187.273,True,0.0,1.4780332999944221,-1.51766188561106e-14,1.0
2026-09-13,0,5,187.273,True,0.0,1.4763955000089481,-1.51766188561106e-14,1.0
2026-09-13,0,6,187.273,True,0.0,1.469844999985071,-1.51766188561106e-14,1.0
2026-09-13,0,7,187.273,True,0.0,1.4934699999867007,-1.51766188561106e-14,1.0
2026-09-13,0,8,187.273,True,0.0,1.4929722000088077,-1.51766188561106e-14,1.0
2026-09-13,0,9,187.273,True,0.0,1.4988542000064626,-1.51766188561106e-14,1.0
2026-09-13,0,10,187.273,True,0.0,1.3834707000060007,-1.51766188561106e-14,1.0
2026-09-13,2,1,81.00646371427045,True,0.0,1.2692313000152353,21.193506706645945,
2026-09-13,2,2,80.93089214367367,True,0.0,1.2741542999865487,21.080444325843125,
2026-09-13,2,3,82.44714218513832,True,0.0,1.2853312999941409,23.348901077854453,
2026-09-13,2,4,95.351,True,0.0,1.2835348000226077,42.65432075576033,
2026-09-13,2,5,77.79612055429122,True,0.0,1.2679107000003569,16.39052275388469,
2026-09-13,2,6,88.96260660002044,True,0.0,1.2739141999918502,33.096666182712674,
2026-09-13,2,7,82.78769870899903,True,0.0,1.2597693999996409,23.858406584774073,
2026-09-13,2,8,74.99353378971423,True,0.0,1.4623666999978013,12.197581817137156,
2026-09-13,2,9,90.46929381291514,True,0.0,1.2753250999958254,35.35081601802519,
2026-09-13,2,10,75.12637942938565,True,0.0,1.4383684000058565,12.396331746269418,
2026-09-13,4,1,74.03773804438454,True,0.0,1.2869972999906167,10.767618913431338,
2026-09-13,4,2,75.51825290054269,True,0.0,1.3015785999887157,12.982612371014932,
2026-09-13,4,3,75.67847167780815,True,0.0,1.3757837000011932,13.222315162208753,
2026-09-13,4,4,74.17028256074988,True,0.0,1.3292088999878615,10.965918332965467,
2026-09-13,4,5,76.15703416399195,True,0.0,1.261486800009152,13.938290940184219,
2026-09-13,4,6,75.21327145880444,True,0.0,1.3510862000111956,12.526330628670516,
2026-09-13,4,7,77.3141351213159,True,0.0,1.2653164000075776,15.66942591635529,
2026-09-13,4,8,71.82591856839052,True,0.0,1.2850002000050154,7.458522994329403,
2026-09-13,4,9,77.27181192262321,True,0.0,1.2880104999931064,15.60610631654285,
2026-09-13,4,10,70.79991861048515,True,0.0,1.2744351000001188,5.9235277966867015,
2026-09-13,7,1,75.7354510778304,True,0.0,1.2555408999905922,13.30756185712801,
2026-09-13,7,2,72.12189357087514,True,0.0,1.2751388999749906,7.901330232220234,
2026-09-13,7,3,73.57905295320181,True,0.0,1.2829780000029132,10.08138164142091,
2026-09-13,7,4,73.08986979849381,True,0.0,1.2684818000125233,9.349516315834078,
2026-09-13,7,5,71.13539696200804,True,0.0,1.2685482000233606,6.425435866499925,
2026-09-13,7,6,74.29579805588499,True,0.0,1.2721850000089034,11.153701656714786,
2026-09-13,7,7,73.04849943701187,True,0.0,1.275147200009087,9.287622252671383,
2026-09-13,7,8,71.91774360267472,True,0.0,1.2834070000099018,7.595902129253911,
2026-09-13,7,9,76.03723590016835,True,0.0,1.299278199992841,13.759061147591854,
2026-09-13,7,10,71.71385158999868,True,0.0,1.3007127000018954,7.290859952708046,
2026-09-16,0,1,158.78,True,0.0,1.34158569999272,0.0,1.0
2026-09-16,0,2,158.78,True,0.0,1.3757395999855362,0.0,1.0
2026-09-16,0,3,158.78,True,0.0,1.3520696999912616,0.0,1.0
2026-09-16,0,4,158.78,True,0.0,1.362712800008012,0.0,1.0
2026-09-16,0,5,158.78,True,0.0,1.3587924999883398,0.0,1.0
2026-09-16,0,6,158.78,True,0.0,1.3404704999993555,0.0,1.0
2026-09-16,0,7,158.78,True,0.0,1.3494723000039812,0.0,1.0
2026-09-16,0,8,158.78,True,0.0,1.3887302000075579,0.0,1.0
2026-09-16,0,9,158.78,True,0.0,1.3387922999972943,0.0,1.0
2026-09-16,0,10,158.78,True,0.0,1.4216648000001442,0.0,1.0
2026-09-16,2,1,51.25587210384879,True,0.0,1.3035367999982554,24.782084384343122,
2026-09-16,2,2,49.427252891455474,True,0.0,1.4690034000086598,20.33032290801152,
2026-09-16,2,3,51.77148262003952,True,0.0,1.3119847000052687,26.037334803464084,
2026-09-16,2,4,49.66360395650755,True,0.0,1.451437799987616,20.905718025353462,
2026-09-16,2,5,52.205773821033816,True,0.0,1.563263599993661,27.094613883216173,
2026-09-16,2,6,57.66470524012819,True,0.0,1.3702976999920793,40.384346610924986,
2026-09-16,2,7,52.65584926417857,True,0.0,1.547943599987775,28.190319596934625,
2026-09-16,2,8,52.593187988017746,True,0.0,1.4250185000128113,28.037771131196134,
2026-09-16,2,9,61.64385898072754,True,0.0,1.3442407999827992,50.071570288082135,
2026-09-16,2,10,52.92122750479945,True,0.0,1.2861825000145473,28.836381182772637,
2026-09-16,4,1,53.734911570750086,True,0.0,1.4113722000038251,43.16799910742485,
2026-09-16,4,2,43.33392945446375,True,0.0,1.401721300004283,15.456260968985445,
2026-09-16,4,3,44.630655049553326,True,0.0,1.50217380002141,18.91117702660143,
2026-09-16,4,4,46.11511228248754,True,0.0,1.4586491000081878,22.86627373351444,
2026-09-16,4,5,43.54740750943839,True,0.0,1.4140541999950074,16.025038791273726,
2026-09-16,4,6,43.154107125673605,True,0.0,1.519438999996055,14.977153397107793,
2026-09-16,4,7,42.08757546236099,True,0.0,1.3072060999984387,12.135551917590375,
2026-09-16,4,8,43.323132669556216,True,0.0,1.4887764999875799,15.427494678191989,
2026-09-16,4,9,45.905564566032105,True,0.0,1.3906696000194643,22.307967663857024,
2026-09-16,4,10,44.10341979059957,True,0.0,1.475084700010484,17.50644377447893,
2026-09-16,7,1,44.330763352270125,True,0.0,1.4010297000058927,18.112164001476504,
2026-09-16,7,2,43.89469158512597,True,0.0,1.4283345000003465,16.95032115956418,
2026-09-16,7,3,43.16914594176345,True,0.0,1.4835619000077713,15.017221895326,
2026-09-16,7,4,43.24169665684248,True,0.0,1.8520748000009917,15.210521566025207,
2026-09-16,7,5,50.00223494491336,True,0.0,1.537834999995539,33.22288468898052,
2026-09-16,7,6,47.48547777239325,True,0.0,1.6438565999851562,26.51739140544641,
2026-09-16,7,7,43.72865425135162,True,0.0,1.497512599977199,16.50794148201867,
2026-09-16,7,8,44.7904316446207,True,0.0,1.585621699981857,19.336875976340565,
2026-09-16,7,9,49.00677754873865,True,0.0,1.68787710001925,30.570649122920734,
2026-09-16,7,10,44.7250952848316,True,0.0,1.3735185000114143,19.16279779092005,
2026-09-17,0,1,137.683,True,0.0,1.5021728999854531,0.0,1.0
2026-09-17,0,2,137.683,True,0.0,1.4171673000091687,0.0,1.0
2026-09-17,0,3,137.683,True,0.0,1.4024641999858432,0.0,1.0
2026-09-17,0,4,137.683,True,0.0,1.4385975000041071,0.0,1.0
2026-09-17,0,5,137.683,True,0.0,1.4303089000168256,0.0,1.0
2026-09-17,0,6,137.683,True,0.0,1.4557051000010688,0.0,1.0
2026-09-17,0,7,137.683,True,0.0,1.4470462999888696,0.0,1.0
2026-09-17,0,8,137.683,True,0.0,1.4366694999916945,0.0,1.0
2026-09-17,0,9,137.683,True,0.0,1.4709539999894332,0.0,1.0
2026-09-17,0,10,137.683,True,0.0,1.4584294999949634,0.0,1.0
2026-09-17,2,1,55.0750843589696,True,0.0,1.3495351999881677,32.13992818625437,
2026-09-17,2,2,51.54970086390165,True,0.0,1.498888200003421,23.68158577444802,
2026-09-17,2,3,54.579252056379296,True,0.0,1.3706065000151284,30.9502932429892,
2026-09-17,2,4,62.3202146949476,True,0.0,1.322187900019344,49.52294290950405,
2026-09-17,2,5,53.666400467712364,True,0.0,1.316611499991268,28.760116963186338,
2026-09-17,2,6,60.40756876156284,True,0.0,1.4009996999811847,44.93399131324503,
2026-09-17,2,7,52.62638048117686,True,0.0,1.3046787999919616,26.26482952182105,
2026-09-17,2,8,57.16221994889171,True,0.0,1.2930073000025004,37.14752736067793,
2026-09-17,2,9,64.32994393929023,True,0.0,1.5491037000028882,54.34482345879821,
2026-09-17,2,10,54.14802089521105,True,0.0,1.6990644999896176,29.915653798825236,
2026-09-17,4,1,50.72294506521995,True,0.0,1.301053300005151,21.69797643209435,
2026-09-17,4,2,45.27962143338574,True,0.0,1.4995321999886073,8.63798020735918,
2026-09-17,4,3,52.11987947861998,True,0.0,1.2963576999900397,25.049597500243003,
2026-09-17,4,4,50.287005634614765,True,0.0,1.5107506999920588,20.65204058425675,
2026-09-17,4,5,48.61602091096119,True,0.0,1.7815391999902204,16.642899173873218,
2026-09-17,4,6,47.59431791544646,True,0.0,1.5012970000097994,14.191559116451954,
2026-09-17,4,7,47.25512639630415,True,0.0,1.4590602999960538,13.377747508126166,
2026-09-17,4,8,46.959226146531336,True,0.0,5.5334413000091445,12.66780328905923,
2026-09-17,4,9,50.50278801720174,True,0.0,2.0435549000103492,21.169760509169723,
2026-09-17,4,10,46.291977980781056,True,0.0,1.7143949000164866,11.066895623989218,
2026-09-17,7,1,54.25525564698958,True,0.0,1.2816823000030126,30.172938786474624,
2026-09-17,7,2,47.09640604031254,True,0.0,1.2213427000097,12.996934719792913,
2026-09-17,7,3,60.51047809544739,True,0.0,1.2659730999730527,45.18089846095936,
2026-09-17,7,4,52.93182904617395,True,0.0,1.2475246000103652,26.997682715113285,
2026-09-17,7,5,48.42706958305537,True,0.0,1.2652215999842156,16.18955415968431,
2026-09-17,7,6,51.57652549975069,True,0.0,1.3156728000030853,23.745945284668856,
2026-09-17,7,7,47.610837931493805,True,0.0,1.2489050999865867,14.231195074517926,
2026-09-17,7,8,49.200231045592865,True,0.0,1.2507705999887548,18.044576286753372,
2026-09-17,7,9,49.37946506193806,True,0.0,1.3307172000058927,18.474606859090233,
2026-09-17,7,10,47.766241262765824,True,0.0,1.6952355000248645,14.604049429135811,
